1,TLS Server Supports TLS version 1.1
2,TLS Server Supports TLS version 1.1
3,HTTP DELETE Method Enabled
4,TLS/SSL Server Supports 3DES Cipher Suite
5,TLS/SSL Server Supports 3DES Cipher Suite
6,HTTP OPTIONS Method Enabled
7,"TLS/SSL Timing Side-Channel Attacks, aka the ""Lucky Thirteen"" Attack"
8,"TLS/SSL Timing Side-Channel Attacks, aka the ""Lucky Thirteen"" Attack"
9,Microsoft CVE-2017-8529: Microsoft Browser Information Disclosure Vulnerability
10,"Java CPU April 2020 Java SE, Java SE Embedded vulnerability (CVE-2020-2830)"
11,"Java CPU April 2020 Java SE, Java SE Embedded vulnerability (CVE-2020-2830)"
12,Java CPU October 2017 Java SE vulnerability (CVE-2017-10293)
13,Java CPU October 2017 Java SE vulnerability (CVE-2017-10293)
14,"Java CPU July 2020 Java SE, Java SE Embedded vulnerability (CVE-2020-14556)"
15,"Java CPU July 2020 Java SE, Java SE Embedded vulnerability (CVE-2020-14556)"
16,"Java CPU October 2019 Java SE, Java SE Embedded vulnerability (CVE-2019-2973)"
17,"Java CPU October 2019 Java SE, Java SE Embedded vulnerability (CVE-2019-2973)"
18,"Java CPU January 2018 Java SE, Java SE Embedded, JRockit vulnerability (CVE-2018-2629)"
19,"Java CPU January 2018 Java SE, Java SE Embedded, JRockit vulnerability (CVE-2018-2629)"
20,"Java CPU April 2018 Java SE, JRockit vulnerability (CVE-2018-2800)"
21,"Java CPU April 2018 Java SE, JRockit vulnerability (CVE-2018-2800)"
22,Java CPU January 2020 Java SE vulnerability (CVE-2019-13118)
23,Java CPU January 2020 Java SE vulnerability (CVE-2019-13118)
24,Java CPU January 2020 Java SE vulnerability (CVE-2019-13117)
25,Java CPU January 2020 Java SE vulnerability (CVE-2019-13117)
26,Java CPU October 2018 Java SE vulnerability (CVE-2018-3209)
27,Java CPU October 2018 Java SE vulnerability (CVE-2018-3209)
28,"Java CPU October 2019 Java SE, Java SE Embedded vulnerability (CVE-2019-2983)"
29,"Java CPU October 2019 Java SE, Java SE Embedded vulnerability (CVE-2019-2983)"
30,"Java CPU April 2020 Java SE, Java SE Embedded vulnerability (CVE-2020-2773)"
31,"Java CPU April 2020 Java SE, Java SE Embedded vulnerability (CVE-2020-2773)"
32,"Java CPU October 2017 Java SE, Java SE Embedded vulnerability (CVE-2017-10346)"
33,"Java CPU October 2017 Java SE, Java SE Embedded vulnerability (CVE-2017-10346)"
34,"Java CPU October 2017 Java SE, Java SE Embedded vulnerability (CVE-2017-10349)"
35,"Java CPU October 2017 Java SE, Java SE Embedded vulnerability (CVE-2017-10349)"
36,"Java CPU October 2019 Java SE, Java SE Embedded vulnerability (CVE-2019-2992)"
37,"Java CPU October 2019 Java SE, Java SE Embedded vulnerability (CVE-2019-2992)"
38,Java CPU January 2019 Java SE vulnerability (CVE-2019-2422)
39,Java CPU January 2019 Java SE vulnerability (CVE-2019-2422)
40,"Java CPU October 2018 Java SE, Java SE Embedded, JRockit vulnerability (CVE-2018-3180)"
41,"Java CPU October 2018 Java SE, Java SE Embedded, JRockit vulnerability (CVE-2018-3180)"
42,Java CPU January 2020 Java SE vulnerability (CVE-2019-16168)
43,Java CPU January 2020 Java SE vulnerability (CVE-2019-16168)
44,"Java CPU October 2019 Java SE, Java SE Embedded vulnerability (CVE-2019-2996)"
45,"Java CPU October 2019 Java SE, Java SE Embedded vulnerability (CVE-2019-2996)"
46,"Java CPU October 2018 Java SE, Java SE Embedded, JRockit vulnerability (CVE-2018-3183)"
47,"Java CPU October 2018 Java SE, Java SE Embedded, JRockit vulnerability (CVE-2018-3183)"
48,"Java CPU October 2020 Java SE, Java SE Embedded vulnerability (CVE-2020-14797)"
49,"Java CPU October 2020 Java SE, Java SE Embedded vulnerability (CVE-2020-14797)"
50,Java CPU July 2020 Java SE vulnerability (CVE-2020-14664)
51,Java CPU July 2020 Java SE vulnerability (CVE-2020-14664)
52,"Java CPU July 2018 Java SE, Java SE Embedded, JRockit vulnerability (CVE-2018-2952)"
53,"Java CPU July 2018 Java SE, Java SE Embedded, JRockit vulnerability (CVE-2018-2952)"
54,Java CPU October 2017 Java SE vulnerability (CVE-2017-10274)
55,Java CPU October 2017 Java SE vulnerability (CVE-2017-10274)
56,"Java CPU October 2017 Java SE, Java SE Embedded vulnerability (CVE-2016-9841)"
57,"Java CPU October 2017 Java SE, Java SE Embedded vulnerability (CVE-2016-9841)"
58,"Java CPU January 2018 Java SE, Java SE Embedded, JRockit vulnerability (CVE-2018-2599)"
59,"Java CPU January 2018 Java SE, Java SE Embedded, JRockit vulnerability (CVE-2018-2599)"
60,"Java CPU April 2019 Java SE, Java SE Embedded vulnerability (CVE-2019-2602)"
61,"Java CPU April 2019 Java SE, Java SE Embedded vulnerability (CVE-2019-2602)"
62,"Java CPU January 2018 Java SE, Java SE Embedded, JRockit vulnerability (CVE-2018-2633)"
63,"Java CPU January 2018 Java SE, Java SE Embedded, JRockit vulnerability (CVE-2018-2633)"
64,"Java CPU January 2018 Java SE, Java SE Embedded vulnerability (CVE-2018-2634)"
65,"Java CPU January 2018 Java SE, Java SE Embedded vulnerability (CVE-2018-2634)"
66,"Java CPU October 2017 Java SE, Java SE Embedded, JRockit vulnerability (CVE-2017-10281)"
67,"Java CPU October 2017 Java SE, Java SE Embedded, JRockit vulnerability (CVE-2017-10281)"
68,"Java CPU July 2018 Java SE, Java SE Embedded vulnerability (CVE-2018-2940)"
69,"Java CPU July 2018 Java SE, Java SE Embedded vulnerability (CVE-2018-2940)"
70,"Java CPU January 2018 Java SE, Java SE Embedded, JRockit vulnerability (CVE-2018-2637)"
71,"Java CPU January 2018 Java SE, Java SE Embedded, JRockit vulnerability (CVE-2018-2637)"
72,Java CPU July 2018 Java SE vulnerability (CVE-2018-2941)
73,Java CPU July 2018 Java SE vulnerability (CVE-2018-2941)
74,Java CPU January 2018 Java SE vulnerability (CVE-2018-2638)
75,Java CPU January 2018 Java SE vulnerability (CVE-2018-2638)
76,Java CPU January 2018 Java SE vulnerability (CVE-2018-2639)
77,Java CPU January 2018 Java SE vulnerability (CVE-2018-2639)
78,"Java CPU October 2017 Java SE, Java SE Embedded vulnerability (CVE-2017-10285)"
79,"Java CPU October 2017 Java SE, Java SE Embedded vulnerability (CVE-2017-10285)"
80,Java CPU April 2019 Java SE vulnerability (CVE-2019-2697)
81,Java CPU April 2019 Java SE vulnerability (CVE-2019-2697)
82,Java CPU April 2019 Java SE vulnerability (CVE-2019-2699)
83,Java CPU April 2019 Java SE vulnerability (CVE-2019-2699)
84,Java CPU April 2019 Java SE vulnerability (CVE-2019-2698)
85,Java CPU April 2019 Java SE vulnerability (CVE-2019-2698)
86,"Java CPU October 2018 Java SE, Java SE Embedded vulnerability (CVE-2018-3211)"
87,"Java CPU October 2018 Java SE, Java SE Embedded vulnerability (CVE-2018-3211)"
88,"Java CPU October 2020 Java SE, Java SE Embedded vulnerability (CVE-2020-14796)"
89,"Java CPU October 2020 Java SE, Java SE Embedded vulnerability (CVE-2020-14796)"
90,Java CPU July 2019 Java SE vulnerability (CVE-2019-2745)
91,Java CPU July 2019 Java SE vulnerability (CVE-2019-2745)
92,Java CPU January 2019 Java SE vulnerability (CVE-2019-2449)
93,Java CPU January 2019 Java SE vulnerability (CVE-2019-2449)
94,"Java CPU July 2018 Java SE, Java SE Embedded vulnerability (CVE-2018-2973)"
95,"Java CPU July 2018 Java SE, Java SE Embedded vulnerability (CVE-2018-2973)"
96,Java CPU January 2019 Java SE vulnerability (CVE-2018-11212)
97,Java CPU January 2019 Java SE vulnerability (CVE-2018-11212)
98,"Java CPU October 2020 Java SE, Java SE Embedded vulnerability (CVE-2020-14781)"
99,"Java CPU October 2020 Java SE, Java SE Embedded vulnerability (CVE-2020-14781)"
100,"Java CPU April 2018 Java SE, Java SE Embedded, JRockit vulnerability (CVE-2018-2795)"
101,"Java CPU April 2018 Java SE, Java SE Embedded, JRockit vulnerability (CVE-2018-2795)"
102,"Java CPU April 2018 Java SE, Java SE Embedded, JRockit vulnerability (CVE-2018-2796)"
103,"Java CPU April 2018 Java SE, Java SE Embedded, JRockit vulnerability (CVE-2018-2796)"
104,"Java CPU April 2018 Java SE, Java SE Embedded, JRockit vulnerability (CVE-2018-2797)"
105,"Java CPU April 2018 Java SE, Java SE Embedded, JRockit vulnerability (CVE-2018-2797)"
106,"Java CPU October 2019 Java SE, Java SE Embedded vulnerability (CVE-2019-2933)"
107,"Java CPU October 2019 Java SE, Java SE Embedded vulnerability (CVE-2019-2933)"
108,Java CPU October 2017 Java SE vulnerability (CVE-2017-10309)
109,Java CPU October 2017 Java SE vulnerability (CVE-2017-10309)
110,"Java CPU July 2019 Java SE, Java SE Embedded vulnerability (CVE-2019-2762)"
111,"Java CPU July 2019 Java SE, Java SE Embedded vulnerability (CVE-2019-2762)"
112,"Java CPU July 2019 Java SE, Java SE Embedded vulnerability (CVE-2019-2766)"
113,"Java CPU July 2019 Java SE, Java SE Embedded vulnerability (CVE-2019-2766)"
114,"Java CPU July 2020 Java SE, Java SE Embedded vulnerability (CVE-2020-14593)"
115,"Java CPU July 2020 Java SE, Java SE Embedded vulnerability (CVE-2020-14593)"
116,"Java CPU April 2018 Java SE, Java SE Embedded, JRockit vulnerability (CVE-2018-2783)"
117,"Java CPU April 2018 Java SE, Java SE Embedded, JRockit vulnerability (CVE-2018-2783)"
118,"Java CPU October 2019 Java SE, Java SE Embedded vulnerability (CVE-2019-2945)"
119,"Java CPU October 2019 Java SE, Java SE Embedded vulnerability (CVE-2019-2945)"
120,"Java CPU July 2020 Java SE, Java SE Embedded vulnerability (CVE-2020-14579)"
121,"Java CPU July 2020 Java SE, Java SE Embedded vulnerability (CVE-2020-14579)"
122,"Java CPU January 2018 Java SE, Java SE Embedded vulnerability (CVE-2018-2602)"
123,"Java CPU January 2018 Java SE, Java SE Embedded vulnerability (CVE-2018-2602)"
124,"Java CPU October 2017 Java SE, Java SE Embedded, JRockit vulnerability (CVE-2017-10356)"
125,"Java CPU October 2017 Java SE, Java SE Embedded, JRockit vulnerability (CVE-2017-10356)"
126,"Java CPU October 2018 Java SE, Java SE Embedded vulnerability (CVE-2018-3136)"
127,"Java CPU October 2018 Java SE, Java SE Embedded vulnerability (CVE-2018-3136)"
128,"Java CPU October 2017 Java SE, Java SE Embedded vulnerability (CVE-2017-10357)"
129,"Java CPU October 2017 Java SE, Java SE Embedded vulnerability (CVE-2017-10357)"
130,"Java CPU January 2021 Java SE, Java SE Embedded vulnerability (CVE-2020-14803)"
131,"Java CPU January 2021 Java SE, Java SE Embedded vulnerability (CVE-2020-14803)"
132,"Java CPU October 2018 Java SE, Java SE Embedded vulnerability (CVE-2018-3139)"
133,"Java CPU October 2018 Java SE, Java SE Embedded vulnerability (CVE-2018-3139)"
134,"Java CPU July 2020 Java SE, Java SE Embedded vulnerability (CVE-2020-14583)"
135,"Java CPU July 2020 Java SE, Java SE Embedded vulnerability (CVE-2020-14583)"
136,"Java CPU April 2020 Java SE, Java SE Embedded vulnerability (CVE-2020-2756)"
137,"Java CPU April 2020 Java SE, Java SE Embedded vulnerability (CVE-2020-2756)"
138,"Java CPU April 2020 Java SE, Java SE Embedded vulnerability (CVE-2020-2757)"
139,"Java CPU April 2020 Java SE, Java SE Embedded vulnerability (CVE-2020-2757)"
140,Java CPU January 2020 Java SE vulnerability (CVE-2020-2585)
141,Java CPU January 2020 Java SE vulnerability (CVE-2020-2585)
142,"Java CPU January 2020 Java SE, Java SE Embedded vulnerability (CVE-2020-2583)"
143,"Java CPU January 2020 Java SE, Java SE Embedded vulnerability (CVE-2020-2583)"
144,"Java CPU July 2020 Java SE, Java SE Embedded vulnerability (CVE-2020-14577)"
145,"Java CPU July 2020 Java SE, Java SE Embedded vulnerability (CVE-2020-14577)"
146,"Java CPU April 2020 Java SE, Java SE Embedded vulnerability (CVE-2020-2800)"
147,"Java CPU April 2020 Java SE, Java SE Embedded vulnerability (CVE-2020-2800)"
148,"Java CPU April 2020 Java SE, Java SE Embedded vulnerability (CVE-2020-2803)"
149,"Java CPU April 2020 Java SE, Java SE Embedded vulnerability (CVE-2020-2803)"
150,Weak LAN Manager hashing permitted
151,CIFS Account Lockout Policy Allows Password Brute Forcing
152,Microsoft CVE-2017-8529: Microsoft Browser Information Disclosure Vulnerability
153,Google Chrome Vulnerability: CVE-2021-30540 Incorrect security UI in payments
154,Google Chrome Vulnerability: CVE-2021-30538 Insufficient policy enforcement in content security policy
155,Google Chrome Vulnerability: CVE-2021-30537 Insufficient policy enforcement in cookies
156,Google Chrome Vulnerability: CVE-2021-30530 Out of bounds memory access in WebAudio
157,Google Chrome Vulnerability: CVE-2021-30531 Insufficient policy enforcement in Content Security Policy
158,Google Chrome Vulnerability: CVE-2021-30534 Insufficient policy enforcement in iFrameSandbox
159,Google Chrome Vulnerability: CVE-2021-30532 Insufficient policy enforcement in Content Security Policy
160,Google Chrome Vulnerability: CVE-2021-30533 Insufficient policy enforcement in PopupBlocker
161,Google Chrome Vulnerability: CVE-2021-30526 Out of bounds write in TabStrip
162,Google Chrome Vulnerability: CVE-2021-30524 Use after free in TabStrip
163,Google Chrome Vulnerability: CVE-2021-30529 Use after free in Bookmarks
164,Weak LAN Manager hashing permitted
165,CIFS Account Lockout Policy Allows Password Brute Forcing
166,"Java CPU October 2020 Java SE, Java SE Embedded vulnerability (CVE-2020-14797)"
167,"Java CPU October 2019 Java SE, Java SE Embedded vulnerability (CVE-2019-2983)"
168,"Java CPU July 2019 Java SE, Java SE Embedded vulnerability (CVE-2019-2762)"
169,Java CPU January 2020 Java SE vulnerability (CVE-2019-13117)
170,Java CPU January 2018 Java SE vulnerability (CVE-2018-2638)
171,"Java CPU April 2020 Java SE, Java SE Embedded vulnerability (CVE-2020-2803)"
172,"Java CPU July 2018 Java SE, Java SE Embedded vulnerability (CVE-2018-2940)"
173,"Java CPU July 2018 Java SE, Java SE Embedded vulnerability (CVE-2018-2973)"
174,"Java CPU April 2018 Java SE, Java SE Embedded, JRockit vulnerability (CVE-2018-2796)"
175,"Java CPU October 2020 Java SE, Java SE Embedded vulnerability (CVE-2020-14796)"
176,"Java CPU July 2020 Java SE, Java SE Embedded vulnerability (CVE-2020-14577)"
177,"Java CPU October 2017 Java SE, Java SE Embedded, JRockit vulnerability (CVE-2017-10281)"
178,Java CPU January 2020 Java SE vulnerability (CVE-2019-13118)
179,"Java CPU April 2020 Java SE, Java SE Embedded vulnerability (CVE-2020-2757)"
180,"Java CPU October 2018 Java SE, Java SE Embedded vulnerability (CVE-2018-3139)"
181,Java CPU January 2020 Java SE vulnerability (CVE-2020-2585)
182,"Java CPU January 2018 Java SE, Java SE Embedded, JRockit vulnerability (CVE-2018-2637)"
183,Java CPU July 2020 Java SE vulnerability (CVE-2020-14664)
184,"Java CPU October 2018 Java SE, Java SE Embedded vulnerability (CVE-2018-3211)"
185,Java CPU April 2019 Java SE vulnerability (CVE-2019-2697)
186,Java CPU January 2019 Java SE vulnerability (CVE-2019-2449)
187,"Java CPU April 2018 Java SE, Java SE Embedded, JRockit vulnerability (CVE-2018-2797)"
188,"Java CPU January 2018 Java SE, Java SE Embedded, JRockit vulnerability (CVE-2018-2599)"
189,"Java CPU October 2019 Java SE, Java SE Embedded vulnerability (CVE-2019-2996)"
190,Java CPU October 2017 Java SE vulnerability (CVE-2017-10293)
191,"Java CPU January 2021 Java SE, Java SE Embedded vulnerability (CVE-2020-14803)"
192,"Java CPU January 2018 Java SE, Java SE Embedded, JRockit vulnerability (CVE-2018-2629)"
193,Java CPU October 2017 Java SE vulnerability (CVE-2017-10309)
194,"Java CPU October 2017 Java SE, Java SE Embedded vulnerability (CVE-2017-10346)"
195,"Java CPU October 2017 Java SE, Java SE Embedded vulnerability (CVE-2017-10357)"
196,Java CPU January 2020 Java SE vulnerability (CVE-2019-16168)
197,Java CPU April 2019 Java SE vulnerability (CVE-2019-2698)
198,"Java CPU April 2018 Java SE, Java SE Embedded, JRockit vulnerability (CVE-2018-2783)"
199,"Java CPU October 2019 Java SE, Java SE Embedded vulnerability (CVE-2019-2973)"
200,"Java CPU April 2020 Java SE, Java SE Embedded vulnerability (CVE-2020-2773)"
201,"Java CPU October 2018 Java SE, Java SE Embedded, JRockit vulnerability (CVE-2018-3180)"
202,Java CPU January 2018 Java SE vulnerability (CVE-2018-2639)
203,"Java CPU October 2017 Java SE, Java SE Embedded, JRockit vulnerability (CVE-2017-10356)"
204,Java CPU April 2019 Java SE vulnerability (CVE-2019-2699)
205,"Java CPU April 2018 Java SE, Java SE Embedded, JRockit vulnerability (CVE-2018-2795)"
206,"Java CPU July 2020 Java SE, Java SE Embedded vulnerability (CVE-2020-14583)"
207,"Java CPU July 2019 Java SE, Java SE Embedded vulnerability (CVE-2019-2766)"
208,"Java CPU October 2018 Java SE, Java SE Embedded vulnerability (CVE-2018-3136)"
209,"Java CPU April 2018 Java SE, JRockit vulnerability (CVE-2018-2800)"
210,"Java CPU October 2018 Java SE, Java SE Embedded, JRockit vulnerability (CVE-2018-3183)"
211,"Java CPU January 2018 Java SE, Java SE Embedded vulnerability (CVE-2018-2634)"
212,Java CPU July 2019 Java SE vulnerability (CVE-2019-2745)
213,Java CPU October 2017 Java SE vulnerability (CVE-2017-10274)
214,"Java CPU October 2017 Java SE, Java SE Embedded vulnerability (CVE-2017-10285)"
215,"Java CPU January 2018 Java SE, Java SE Embedded, JRockit vulnerability (CVE-2018-2633)"
216,"Java CPU April 2020 Java SE, Java SE Embedded vulnerability (CVE-2020-2800)"
217,"Java CPU April 2019 Java SE, Java SE Embedded vulnerability (CVE-2019-2602)"
218,"Java CPU October 2020 Java SE, Java SE Embedded vulnerability (CVE-2020-14781)"
219,"Java CPU October 2019 Java SE, Java SE Embedded vulnerability (CVE-2019-2945)"
220,"Java CPU July 2020 Java SE, Java SE Embedded vulnerability (CVE-2020-14556)"
221,"Java CPU October 2019 Java SE, Java SE Embedded vulnerability (CVE-2019-2992)"
222,"Java CPU April 2020 Java SE, Java SE Embedded vulnerability (CVE-2020-2756)"
223,Java CPU January 2019 Java SE vulnerability (CVE-2018-11212)
224,"Java CPU April 2020 Java SE, Java SE Embedded vulnerability (CVE-2020-2830)"
225,Java CPU October 2018 Java SE vulnerability (CVE-2018-3209)
226,Java CPU January 2019 Java SE vulnerability (CVE-2019-2422)
227,"Java CPU July 2020 Java SE, Java SE Embedded vulnerability (CVE-2020-14593)"
228,"Java CPU July 2020 Java SE, Java SE Embedded vulnerability (CVE-2020-14579)"
229,"Java CPU January 2018 Java SE, Java SE Embedded vulnerability (CVE-2018-2602)"
230,"Java CPU January 2020 Java SE, Java SE Embedded vulnerability (CVE-2020-2583)"
231,"Java CPU October 2017 Java SE, Java SE Embedded vulnerability (CVE-2016-9841)"
232,"Java CPU October 2017 Java SE, Java SE Embedded vulnerability (CVE-2017-10349)"
233,CIFS Share Writeable By Everyone
234,Java CPU July 2018 Java SE vulnerability (CVE-2018-2941)
235,"Java CPU July 2018 Java SE, Java SE Embedded, JRockit vulnerability (CVE-2018-2952)"
236,"Java CPU October 2019 Java SE, Java SE Embedded vulnerability (CVE-2019-2933)"
237,Weak LAN Manager hashing permitted
238,Microsoft CVE-2017-8529: Microsoft Browser Information Disclosure Vulnerability
239,"Java CPU January 2021 Java SE, Java SE Embedded vulnerability (CVE-2020-14803)"
240,"Java CPU October 2017 Java SE, Java SE Embedded, JRockit vulnerability (CVE-2017-10356)"
241,"Java CPU October 2017 Java SE, Java SE Embedded vulnerability (CVE-2017-10357)"
242,"Java CPU April 2018 Java SE, Java SE Embedded, JRockit vulnerability (CVE-2018-2795)"
243,"Java CPU April 2018 Java SE, Java SE Embedded, JRockit vulnerability (CVE-2018-2796)"
244,"Java CPU July 2018 Java SE, Java SE Embedded vulnerability (CVE-2018-2973)"
245,"Java CPU April 2018 Java SE, Java SE Embedded, JRockit vulnerability (CVE-2018-2797)"
246,"Java CPU July 2019 Java SE, Java SE Embedded vulnerability (CVE-2019-2762)"
247,"Java CPU July 2019 Java SE, Java SE Embedded vulnerability (CVE-2019-2766)"
248,"Java CPU October 2017 Java SE, Java SE Embedded vulnerability (CVE-2017-10346)"
249,"Java CPU October 2017 Java SE, Java SE Embedded vulnerability (CVE-2017-10349)"
250,"Java CPU October 2019 Java SE, Java SE Embedded vulnerability (CVE-2019-2945)"
251,"Java CPU October 2017 Java SE, Java SE Embedded vulnerability (CVE-2016-9841)"
252,"Java CPU October 2018 Java SE, Java SE Embedded vulnerability (CVE-2018-3136)"
253,"Java CPU October 2018 Java SE, Java SE Embedded vulnerability (CVE-2018-3139)"
254,"Java CPU October 2019 Java SE, Java SE Embedded vulnerability (CVE-2019-2973)"
255,Java CPU October 2017 Java SE vulnerability (CVE-2017-10293)
256,"Java CPU January 2018 Java SE, Java SE Embedded vulnerability (CVE-2018-2602)"
257,"Java CPU October 2017 Java SE, Java SE Embedded vulnerability (CVE-2017-10285)"
258,"Java CPU October 2017 Java SE, Java SE Embedded, JRockit vulnerability (CVE-2017-10281)"
259,"Java CPU October 2019 Java SE, Java SE Embedded vulnerability (CVE-2019-2992)"
260,Java CPU January 2019 Java SE vulnerability (CVE-2019-2422)
261,"Java CPU October 2019 Java SE, Java SE Embedded vulnerability (CVE-2019-2996)"
262,Java CPU October 2018 Java SE vulnerability (CVE-2018-3209)
263,CIFS Account Lockout Policy Allows Password Brute Forcing
264,Java CPU October 2017 Java SE vulnerability (CVE-2017-10274)
265,"Java CPU January 2018 Java SE, Java SE Embedded, JRockit vulnerability (CVE-2018-2629)"
266,"Java CPU April 2018 Java SE, JRockit vulnerability (CVE-2018-2800)"
267,"Java CPU April 2019 Java SE, Java SE Embedded vulnerability (CVE-2019-2602)"
268,"Java CPU October 2018 Java SE, Java SE Embedded vulnerability (CVE-2018-3211)"
269,"Java CPU October 2019 Java SE, Java SE Embedded vulnerability (CVE-2019-2983)"
270,"Java CPU January 2018 Java SE, Java SE Embedded, JRockit vulnerability (CVE-2018-2633)"
271,"Java CPU January 2018 Java SE, Java SE Embedded vulnerability (CVE-2018-2634)"
272,Java CPU October 2017 Java SE vulnerability (CVE-2017-10309)
273,"Java CPU January 2018 Java SE, Java SE Embedded, JRockit vulnerability (CVE-2018-2637)"
274,"Java CPU July 2018 Java SE, Java SE Embedded vulnerability (CVE-2018-2940)"
275,Java CPU January 2018 Java SE vulnerability (CVE-2018-2638)
276,Java CPU July 2018 Java SE vulnerability (CVE-2018-2941)
277,Java CPU January 2018 Java SE vulnerability (CVE-2018-2639)
278,Java CPU January 2019 Java SE vulnerability (CVE-2019-2449)
279,"Java CPU January 2018 Java SE, Java SE Embedded, JRockit vulnerability (CVE-2018-2599)"
280,Java CPU January 2019 Java SE vulnerability (CVE-2018-11212)
281,"Java CPU October 2018 Java SE, Java SE Embedded, JRockit vulnerability (CVE-2018-3180)"
282,"Java CPU October 2019 Java SE, Java SE Embedded vulnerability (CVE-2019-2933)"
283,"Java CPU October 2018 Java SE, Java SE Embedded, JRockit vulnerability (CVE-2018-3183)"
284,"Java CPU July 2018 Java SE, Java SE Embedded, JRockit vulnerability (CVE-2018-2952)"
285,Java CPU April 2019 Java SE vulnerability (CVE-2019-2699)
286,Java CPU April 2019 Java SE vulnerability (CVE-2019-2698)
287,"Java CPU April 2018 Java SE, Java SE Embedded, JRockit vulnerability (CVE-2018-2783)"
288,Java CPU April 2019 Java SE vulnerability (CVE-2019-2697)
289,Java CPU July 2019 Java SE vulnerability (CVE-2019-2745)
290,"Java CPU April 2020 Java SE, Java SE Embedded vulnerability (CVE-2020-2773)"
291,Java CPU January 2020 Java SE vulnerability (CVE-2020-2585)
292,"Java CPU January 2020 Java SE, Java SE Embedded vulnerability (CVE-2020-2583)"
293,"Java CPU April 2020 Java SE, Java SE Embedded vulnerability (CVE-2020-2800)"
294,"Java CPU April 2020 Java SE, Java SE Embedded vulnerability (CVE-2020-2803)"
295,"Java CPU April 2020 Java SE, Java SE Embedded vulnerability (CVE-2020-2756)"
296,"Java CPU April 2020 Java SE, Java SE Embedded vulnerability (CVE-2020-2757)"
297,Java CPU January 2020 Java SE vulnerability (CVE-2019-13118)
298,Java CPU January 2020 Java SE vulnerability (CVE-2019-13117)
299,Java CPU January 2020 Java SE vulnerability (CVE-2019-16168)
300,"Java CPU April 2020 Java SE, Java SE Embedded vulnerability (CVE-2020-2830)"
301,"Java CPU July 2020 Java SE, Java SE Embedded vulnerability (CVE-2020-14583)"
302,"Java CPU July 2020 Java SE, Java SE Embedded vulnerability (CVE-2020-14593)"
303,"Java CPU July 2020 Java SE, Java SE Embedded vulnerability (CVE-2020-14579)"
304,"Java CPU July 2020 Java SE, Java SE Embedded vulnerability (CVE-2020-14577)"
305,"Java CPU July 2020 Java SE, Java SE Embedded vulnerability (CVE-2020-14556)"
306,Java CPU July 2020 Java SE vulnerability (CVE-2020-14664)
307,"Java CPU October 2020 Java SE, Java SE Embedded vulnerability (CVE-2020-14797)"
308,"Java CPU October 2020 Java SE, Java SE Embedded vulnerability (CVE-2020-14796)"
309,"Java CPU October 2020 Java SE, Java SE Embedded vulnerability (CVE-2020-14781)"
310,Microsoft CVE-2017-8529: Microsoft Browser Information Disclosure Vulnerability
311,Weak LAN Manager hashing permitted
312,CIFS Account Lockout Policy Allows Password Brute Forcing
313,SHA-1-based Signature in TLS/SSL Server X.509 Certificate
314,SHA-1-based Signature in TLS/SSL Server X.509 Certificate
315,TLS/SSL Server Is Using Commonly Used Prime Numbers
316,TLS/SSL Server Is Using Commonly Used Prime Numbers
317,TLS/SSL Birthday attacks on 64-bit block ciphers (SWEET32)
318,TLS/SSL Birthday attacks on 64-bit block ciphers (SWEET32)
319,Untrusted TLS/SSL server X.509 certificate
320,Untrusted TLS/SSL server X.509 certificate
321,Diffie-Hellman group smaller than 2048 bits
322,Diffie-Hellman group smaller than 2048 bits
323,Self-signed TLS/SSL certificate
324,Self-signed TLS/SSL certificate
325,TLS/SSL Server Supports The Use of Static Key Ciphers
326,TLS/SSL Server Supports The Use of Static Key Ciphers
327,Diffie-Hellman group smaller than 2048 bits
328,Diffie-Hellman group smaller than 2048 bits
329,"Java CPU January 2020 Java SE, Java SE Embedded vulnerability (CVE-2020-2659)"
330,"Java CPU January 2020 Java SE, Java SE Embedded vulnerability (CVE-2020-2659)"
331,"Java CPU October 2017 Java SE, Java SE Embedded, JRockit vulnerability (CVE-2017-10295)"
332,"Java CPU October 2017 Java SE, Java SE Embedded, JRockit vulnerability (CVE-2017-10295)"
333,Java CPU January 2018 Java SE vulnerability (CVE-2018-2627)
334,Java CPU January 2018 Java SE vulnerability (CVE-2018-2627)
335,"Java CPU April 2020 Java SE, Java SE Embedded vulnerability (CVE-2020-2781)"
336,"Java CPU April 2020 Java SE, Java SE Embedded vulnerability (CVE-2020-2781)"
337,Java CPU January 2020 Java SE vulnerability (CVE-2020-2654)
338,Java CPU January 2020 Java SE vulnerability (CVE-2020-2654)
339,"Java CPU October 2018 Java SE, Java SE Embedded vulnerability (CVE-2018-13785)"
340,Java CPU July 2019 Java SE vulnerability (CVE-2019-2842)
341,Java CPU July 2019 Java SE vulnerability (CVE-2019-2842)
342,"Java CPU October 2019 Java SE, Java SE Embedded vulnerability (CVE-2019-2975)"
343,"Java CPU October 2019 Java SE, Java SE Embedded vulnerability (CVE-2019-2975)"
344,"Java CPU October 2019 Java SE, Java SE Embedded vulnerability (CVE-2019-2978)"
345,"Java CPU October 2019 Java SE, Java SE Embedded vulnerability (CVE-2019-2978)"
346,"Java CPU January 2018 Java SE, Java SE Embedded, JRockit vulnerability (CVE-2018-2579)"
347,"Java CPU January 2018 Java SE, Java SE Embedded, JRockit vulnerability (CVE-2018-2579)"
348,McAfee Agent: CVE-2020-7343: Mcafee agent update fixes one vulnerability  (SB10343)
349,"Java CPU October 2019 Java SE, Java SE Embedded vulnerability (CVE-2019-2981)"
350,"Java CPU October 2019 Java SE, Java SE Embedded vulnerability (CVE-2019-2981)"
351,"Java CPU January 2018 Java SE, Java SE Embedded, JRockit vulnerability (CVE-2018-2618)"
352,"Java CPU January 2018 Java SE, Java SE Embedded, JRockit vulnerability (CVE-2018-2618)"
353,"Java CPU October 2017 Java SE, Java SE Embedded vulnerability (CVE-2017-10350)"
354,"Java CPU October 2017 Java SE, Java SE Embedded vulnerability (CVE-2017-10350)"
355,"Java CPU October 2017 Java SE, Java SE Embedded, JRockit vulnerability (CVE-2017-10345)"
356,"Java CPU October 2017 Java SE, Java SE Embedded, JRockit vulnerability (CVE-2017-10345)"
357,"Java CPU October 2018 Java SE, Java SE Embedded, JRockit vulnerability (CVE-2018-3149)"
358,"Java CPU October 2018 Java SE, Java SE Embedded, JRockit vulnerability (CVE-2018-3149)"
359,"Java CPU October 2017 Java SE, JRockit vulnerability (CVE-2017-10347)"
360,"Java CPU October 2017 Java SE, JRockit vulnerability (CVE-2017-10347)"
361,"Java CPU October 2017 Java SE, Java SE Embedded vulnerability (CVE-2017-10348)"
362,"Java CPU October 2017 Java SE, Java SE Embedded vulnerability (CVE-2017-10348)"
363,"Java CPU October 2019 Java SE, Java SE Embedded vulnerability (CVE-2019-2988)"
364,"Java CPU October 2019 Java SE, Java SE Embedded vulnerability (CVE-2019-2988)"
365,"Java CPU October 2019 Java SE, Java SE Embedded vulnerability (CVE-2019-2989)"
366,"Java CPU October 2019 Java SE, Java SE Embedded vulnerability (CVE-2019-2989)"
367,"Java CPU July 2019 Java SE, Java SE Embedded vulnerability (CVE-2019-7317)"
368,"Java CPU July 2019 Java SE, Java SE Embedded vulnerability (CVE-2019-7317)"
369,Java CPU January 2019 Java SE vulnerability (CVE-2019-2426)
370,Java CPU January 2019 Java SE vulnerability (CVE-2019-2426)
371,"Java CPU October 2020 Java SE, Java SE Embedded vulnerability (CVE-2020-14798)"
372,"Java CPU October 2020 Java SE, Java SE Embedded vulnerability (CVE-2020-14798)"
373,"Java CPU April 2019 Java SE, Java SE Embedded vulnerability (CVE-2019-2684)"
374,"Java CPU April 2019 Java SE, Java SE Embedded vulnerability (CVE-2019-2684)"
375,Java CPU October 2019 Java SE vulnerability (CVE-2019-2999)
376,Java CPU October 2019 Java SE vulnerability (CVE-2019-2999)
377,"Java CPU January 2018 Java SE, Java SE Embedded vulnerability (CVE-2018-2641)"
378,"Java CPU January 2018 Java SE, Java SE Embedded vulnerability (CVE-2018-2641)"
379,"Java CPU April 2021 Java SE, Java SE Embedded, Oracle GraalVM Enterprise Edition vulnerability (CVE-2021-2161)"
380,"Java CPU April 2021 Java SE, Java SE Embedded, Oracle GraalVM Enterprise Edition vulnerability (CVE-2021-2161)"
381,Java CPU July 2018 Java SE vulnerability (CVE-2018-2942)
382,Java CPU July 2018 Java SE vulnerability (CVE-2018-2942)
383,"Java CPU April 2021 Java SE, Java SE Embedded, Oracle GraalVM Enterprise Edition vulnerability (CVE-2021-2163)"
384,"Java CPU April 2021 Java SE, Java SE Embedded, Oracle GraalVM Enterprise Edition vulnerability (CVE-2021-2163)"
385,Java CPU April 2018 Java SE vulnerability (CVE-2018-2811)
386,Java CPU April 2018 Java SE vulnerability (CVE-2018-2811)
387,"Java CPU April 2018 Java SE, Java SE Embedded vulnerability (CVE-2018-2814)"
388,"Java CPU April 2018 Java SE, Java SE Embedded vulnerability (CVE-2018-2814)"
389,"Java CPU April 2018 Java SE, Java SE Embedded, JRockit vulnerability (CVE-2018-2815)"
390,"Java CPU April 2018 Java SE, Java SE Embedded, JRockit vulnerability (CVE-2018-2815)"
391,"Java CPU October 2018 Java SE, Java SE Embedded vulnerability (CVE-2018-3169)"
392,"Java CPU October 2018 Java SE, Java SE Embedded vulnerability (CVE-2018-3169)"
393,Java CPU July 2018 Java SE vulnerability (CVE-2018-2938)
394,Java CPU July 2018 Java SE vulnerability (CVE-2018-2938)
395,Java CPU January 2018 Java SE vulnerability (CVE-2018-2581)
396,Java CPU January 2018 Java SE vulnerability (CVE-2018-2581)
397,"Java CPU January 2018 Java SE, Java SE Embedded vulnerability (CVE-2018-2582)"
398,"Java CPU January 2018 Java SE, Java SE Embedded vulnerability (CVE-2018-2582)"
399,"Java CPU October 2018 Java SE, Java SE Embedded, JRockit vulnerability (CVE-2018-3214)"
400,"Java CPU October 2018 Java SE, Java SE Embedded, JRockit vulnerability (CVE-2018-3214)"
401,"Java CPU January 2018 Java SE, Java SE Embedded, JRockit vulnerability (CVE-2018-2588)"
402,"Java CPU January 2018 Java SE, Java SE Embedded, JRockit vulnerability (CVE-2018-2588)"
403,"Java CPU October 2017 Java SE, Java SE Embedded, JRockit vulnerability (CVE-2016-10165)"
404,"Java CPU October 2017 Java SE, Java SE Embedded, JRockit vulnerability (CVE-2016-10165)"
405,"Java CPU October 2020 Java SE, Java SE Embedded vulnerability (CVE-2020-14792)"
406,"Java CPU October 2020 Java SE, Java SE Embedded vulnerability (CVE-2020-14792)"
407,"Java CPU October 2020 Java SE, Java SE Embedded vulnerability (CVE-2020-14779)"
408,"Java CPU October 2020 Java SE, Java SE Embedded vulnerability (CVE-2020-14779)"
409,"Java CPU April 2018 Java SE, Java SE Embedded, JRockit vulnerability (CVE-2018-2799)"
410,"Java CPU April 2018 Java SE, Java SE Embedded, JRockit vulnerability (CVE-2018-2799)"
411,"Java CPU October 2017 Java SE, Java SE Embedded vulnerability (CVE-2017-10388)"
412,"Java CPU October 2017 Java SE, Java SE Embedded vulnerability (CVE-2017-10388)"
413,Java CPU October 2019 Java SE vulnerability (CVE-2019-11068)
414,Java CPU October 2019 Java SE vulnerability (CVE-2019-11068)
415,"Java CPU April 2018 Java SE, Java SE Embedded vulnerability (CVE-2018-2790)"
416,"Java CPU April 2018 Java SE, Java SE Embedded vulnerability (CVE-2018-2790)"
417,"Java CPU October 2020 Java SE, Java SE Embedded vulnerability (CVE-2020-14782)"
418,"Java CPU October 2020 Java SE, Java SE Embedded vulnerability (CVE-2020-14782)"
419,"Java CPU April 2018 Java SE, JRockit vulnerability (CVE-2018-2794)"
420,"Java CPU April 2018 Java SE, JRockit vulnerability (CVE-2018-2794)"
421,"Java CPU January 2018 Java SE, Java SE Embedded, JRockit vulnerability (CVE-2018-2663)"
422,"Java CPU January 2018 Java SE, Java SE Embedded, JRockit vulnerability (CVE-2018-2663)"
423,"Java CPU April 2018 Java SE, Java SE Embedded, JRockit vulnerability (CVE-2018-2798)"
424,"Java CPU April 2018 Java SE, Java SE Embedded, JRockit vulnerability (CVE-2018-2798)"
425,"Java CPU October 2019 Java SE, Java SE Embedded vulnerability (CVE-2019-2894)"
426,"Java CPU October 2019 Java SE, Java SE Embedded vulnerability (CVE-2019-2894)"
427,"Java CPU January 2020 Java SE, Java SE Embedded vulnerability (CVE-2020-2601)"
428,"Java CPU January 2020 Java SE, Java SE Embedded vulnerability (CVE-2020-2601)"
429,Java CPU July 2018 Java SE vulnerability (CVE-2018-2964)
430,Java CPU July 2018 Java SE vulnerability (CVE-2018-2964)
431,Java CPU April 2020 Java SE vulnerability (CVE-2019-18197)
432,Java CPU April 2020 Java SE vulnerability (CVE-2019-18197)
433,"Java CPU October 2019 Java SE, Java SE Embedded vulnerability (CVE-2019-2949)"
434,"Java CPU October 2019 Java SE, Java SE Embedded vulnerability (CVE-2019-2949)"
435,"Java CPU July 2019 Java SE, Java SE Embedded vulnerability (CVE-2019-2816)"
436,"Java CPU July 2019 Java SE, Java SE Embedded vulnerability (CVE-2019-2816)"
437,"Java CPU July 2019 Java SE, Java SE Embedded vulnerability (CVE-2019-2769)"
438,"Java CPU July 2019 Java SE, Java SE Embedded vulnerability (CVE-2019-2769)"
439,"Java CPU January 2020 Java SE, Java SE Embedded vulnerability (CVE-2020-2604)"
440,"Java CPU January 2020 Java SE, Java SE Embedded vulnerability (CVE-2020-2604)"
441,"Java CPU July 2020 Java SE, Java SE Embedded vulnerability (CVE-2020-14621)"
442,"Java CPU July 2020 Java SE, Java SE Embedded vulnerability (CVE-2020-14621)"
443,"Java CPU January 2018 Java SE, Java SE Embedded, JRockit vulnerability (CVE-2018-2603)"
444,"Java CPU January 2018 Java SE, Java SE Embedded, JRockit vulnerability (CVE-2018-2603)"
445,"Java CPU January 2020 Java SE, Java SE Embedded vulnerability (CVE-2020-2593)"
446,"Java CPU January 2020 Java SE, Java SE Embedded vulnerability (CVE-2020-2593)"
447,"Java CPU July 2020 Java SE, Java SE Embedded vulnerability (CVE-2020-14581)"
448,"Java CPU July 2020 Java SE, Java SE Embedded vulnerability (CVE-2020-14581)"
449,"Java CPU October 2017 Java SE, Java SE Embedded, JRockit vulnerability (CVE-2017-10355)"
450,"Java CPU October 2017 Java SE, Java SE Embedded, JRockit vulnerability (CVE-2017-10355)"
451,"Java CPU January 2020 Java SE, Java SE Embedded vulnerability (CVE-2020-2590)"
452,"Java CPU January 2020 Java SE, Java SE Embedded vulnerability (CVE-2020-2590)"
453,"Java CPU October 2019 Java SE, Java SE Embedded vulnerability (CVE-2019-2958)"
454,"Java CPU October 2019 Java SE, Java SE Embedded vulnerability (CVE-2019-2958)"
455,"Java CPU April 2020 Java SE, Java SE Embedded vulnerability (CVE-2020-2755)"
456,"Java CPU April 2020 Java SE, Java SE Embedded vulnerability (CVE-2020-2755)"
457,"Java CPU January 2018 Java SE, Java SE Embedded, JRockit vulnerability (CVE-2018-2678)"
458,"Java CPU January 2018 Java SE, Java SE Embedded, JRockit vulnerability (CVE-2018-2678)"
459,"Java CPU July 2019 Java SE, Java SE Embedded vulnerability (CVE-2019-2786)"
460,"Java CPU July 2019 Java SE, Java SE Embedded vulnerability (CVE-2019-2786)"
461,"Java CPU April 2020 Java SE, Java SE Embedded vulnerability (CVE-2020-2754)"
462,"Java CPU April 2020 Java SE, Java SE Embedded vulnerability (CVE-2020-2754)"
463,CIFS Account Password Never Expires
464,"Java CPU October 2019 Java SE, Java SE Embedded vulnerability (CVE-2019-2962)"
465,"Java CPU October 2019 Java SE, Java SE Embedded vulnerability (CVE-2019-2962)"
466,"Java CPU October 2019 Java SE, Java SE Embedded vulnerability (CVE-2019-2964)"
467,"Java CPU October 2019 Java SE, Java SE Embedded vulnerability (CVE-2019-2964)"
468,"Java CPU July 2020 Java SE, Java SE Embedded vulnerability (CVE-2020-14578)"
469,"Java CPU July 2020 Java SE, Java SE Embedded vulnerability (CVE-2020-14578)"
470,"Java CPU April 2020 Java SE, Java SE Embedded vulnerability (CVE-2020-2805)"
471,"Java CPU April 2020 Java SE, Java SE Embedded vulnerability (CVE-2020-2805)"
472,"Java CPU January 2018 Java SE, Java SE Embedded vulnerability (CVE-2018-2677)"
473,"Java CPU January 2018 Java SE, Java SE Embedded vulnerability (CVE-2018-2677)"
474,"Java CPU October 2018 Java SE, Java SE Embedded vulnerability (CVE-2018-13785)"
475,Google Chrome Vulnerability: CVE-2021-30539 Insufficient policy enforcement in content security policy
476,Google Chrome Vulnerability: CVE-2021-30536 Out of bounds read in V8
477,Google Chrome Vulnerability: CVE-2021-30535 Double free in ICU
478,Google Chrome Vulnerability: CVE-2021-30527 Use after free in WebUI
479,Google Chrome Vulnerability: CVE-2021-30525 Use after free in TabGroups
480,Google Chrome Vulnerability: CVE-2021-30528 Use after free in WebAuthentication
481,Google Chrome Vulnerability: CVE-2021-30522 Use after free in WebAudio
482,Google Chrome Vulnerability: CVE-2021-30523 Use after free in WebRTC
483,Google Chrome Vulnerability: CVE-2021-30521 Heap buffer overflow in Autofill
484,McAfee Agent: CVE-2020-7343: Mcafee agent update fixes one vulnerability  (SB10343)
485,CIFS Account Password Never Expires
486,"Java CPU October 2019 Java SE, Java SE Embedded vulnerability (CVE-2019-2958)"
487,"Java CPU April 2018 Java SE, Java SE Embedded, JRockit vulnerability (CVE-2018-2815)"
488,Java CPU January 2018 Java SE vulnerability (CVE-2018-2627)
489,"Java CPU January 2018 Java SE, Java SE Embedded vulnerability (CVE-2018-2641)"
490,"Java CPU January 2018 Java SE, Java SE Embedded, JRockit vulnerability (CVE-2018-2663)"
491,"Java CPU October 2017 Java SE, Java SE Embedded, JRockit vulnerability (CVE-2017-10355)"
492,CIFS Share Readable By Everyone
493,CIFS Share Readable By Everyone
494,CIFS Share Readable By Everyone
495,CIFS Share Readable By Everyone
496,"Java CPU October 2017 Java SE, Java SE Embedded vulnerability (CVE-2017-10388)"
497,"Java CPU January 2020 Java SE, Java SE Embedded vulnerability (CVE-2020-2604)"
498,"Java CPU January 2020 Java SE, Java SE Embedded vulnerability (CVE-2020-2659)"
499,"Java CPU July 2020 Java SE, Java SE Embedded vulnerability (CVE-2020-14621)"
500,Java CPU October 2019 Java SE vulnerability (CVE-2019-11068)
501,"Java CPU October 2019 Java SE, Java SE Embedded vulnerability (CVE-2019-2894)"
502,"Java CPU April 2021 Java SE, Java SE Embedded, Oracle GraalVM Enterprise Edition vulnerability (CVE-2021-2163)"
503,"Java CPU October 2019 Java SE, Java SE Embedded vulnerability (CVE-2019-2949)"
504,"Java CPU January 2018 Java SE, Java SE Embedded, JRockit vulnerability (CVE-2018-2588)"
505,"Java CPU July 2019 Java SE, Java SE Embedded vulnerability (CVE-2019-2786)"
506,"Java CPU January 2018 Java SE, Java SE Embedded, JRockit vulnerability (CVE-2018-2618)"
507,Java CPU July 2019 Java SE vulnerability (CVE-2019-2842)
508,Java CPU January 2019 Java SE vulnerability (CVE-2019-2426)
509,"Java CPU April 2018 Java SE, JRockit vulnerability (CVE-2018-2794)"
510,"Java CPU October 2019 Java SE, Java SE Embedded vulnerability (CVE-2019-2962)"
511,"Java CPU April 2018 Java SE, Java SE Embedded vulnerability (CVE-2018-2814)"
512,"Java CPU January 2020 Java SE, Java SE Embedded vulnerability (CVE-2020-2590)"
513,"Java CPU October 2017 Java SE, Java SE Embedded, JRockit vulnerability (CVE-2016-10165)"
514,"Java CPU July 2019 Java SE, Java SE Embedded vulnerability (CVE-2019-2816)"
515,"Java CPU October 2017 Java SE, Java SE Embedded, JRockit vulnerability (CVE-2017-10345)"
516,"Java CPU January 2018 Java SE, Java SE Embedded, JRockit vulnerability (CVE-2018-2579)"
517,"Java CPU January 2018 Java SE, Java SE Embedded vulnerability (CVE-2018-2582)"
518,"Java CPU October 2017 Java SE, Java SE Embedded, JRockit vulnerability (CVE-2017-10295)"
519,"Java CPU April 2020 Java SE, Java SE Embedded vulnerability (CVE-2020-2754)"
520,"Java CPU October 2018 Java SE, Java SE Embedded vulnerability (CVE-2018-3169)"
521,Java CPU April 2018 Java SE vulnerability (CVE-2018-2811)
522,"Java CPU January 2018 Java SE, Java SE Embedded, JRockit vulnerability (CVE-2018-2678)"
523,"Java CPU October 2017 Java SE, Java SE Embedded vulnerability (CVE-2017-10348)"
524,"Java CPU October 2018 Java SE, Java SE Embedded, JRockit vulnerability (CVE-2018-3214)"
525,"Java CPU July 2019 Java SE, Java SE Embedded vulnerability (CVE-2019-7317)"
526,Java CPU April 2020 Java SE vulnerability (CVE-2019-18197)
527,"Java CPU October 2020 Java SE, Java SE Embedded vulnerability (CVE-2020-14782)"
528,"Java CPU October 2020 Java SE, Java SE Embedded vulnerability (CVE-2020-14779)"
529,"Java CPU October 2020 Java SE, Java SE Embedded vulnerability (CVE-2020-14792)"
530,Java CPU January 2018 Java SE vulnerability (CVE-2018-2581)
531,"Java CPU October 2019 Java SE, Java SE Embedded vulnerability (CVE-2019-2964)"
532,"Java CPU October 2019 Java SE, Java SE Embedded vulnerability (CVE-2019-2975)"
533,"Java CPU January 2018 Java SE, Java SE Embedded vulnerability (CVE-2018-2677)"
534,"Java CPU October 2017 Java SE, Java SE Embedded vulnerability (CVE-2017-10350)"
535,"Java CPU October 2017 Java SE, JRockit vulnerability (CVE-2017-10347)"
536,Java CPU January 2020 Java SE vulnerability (CVE-2020-2654)
537,"Java CPU October 2019 Java SE, Java SE Embedded vulnerability (CVE-2019-2978)"
538,"Java CPU October 2019 Java SE, Java SE Embedded vulnerability (CVE-2019-2989)"
539,"Java CPU October 2019 Java SE, Java SE Embedded vulnerability (CVE-2019-2981)"
540,"Java CPU July 2020 Java SE, Java SE Embedded vulnerability (CVE-2020-14581)"
541,"Java CPU July 2020 Java SE, Java SE Embedded vulnerability (CVE-2020-14578)"
542,"Java CPU October 2018 Java SE, Java SE Embedded, JRockit vulnerability (CVE-2018-3149)"
543,"Java CPU April 2020 Java SE, Java SE Embedded vulnerability (CVE-2020-2781)"
544,"Java CPU January 2018 Java SE, Java SE Embedded, JRockit vulnerability (CVE-2018-2603)"
545,"Java CPU January 2020 Java SE, Java SE Embedded vulnerability (CVE-2020-2593)"
546,"Java CPU April 2020 Java SE, Java SE Embedded vulnerability (CVE-2020-2805)"
547,Java CPU July 2018 Java SE vulnerability (CVE-2018-2942)
548,Java CPU July 2018 Java SE vulnerability (CVE-2018-2964)
549,"Java CPU October 2018 Java SE, Java SE Embedded vulnerability (CVE-2018-13785)"
550,"Java CPU April 2018 Java SE, Java SE Embedded vulnerability (CVE-2018-2790)"
551,"Java CPU April 2018 Java SE, Java SE Embedded, JRockit vulnerability (CVE-2018-2798)"
552,"Java CPU October 2020 Java SE, Java SE Embedded vulnerability (CVE-2020-14798)"
553,"Java CPU October 2019 Java SE, Java SE Embedded vulnerability (CVE-2019-2988)"
554,Java CPU October 2019 Java SE vulnerability (CVE-2019-2999)
555,"Java CPU July 2019 Java SE, Java SE Embedded vulnerability (CVE-2019-2769)"
556,"Java CPU April 2020 Java SE, Java SE Embedded vulnerability (CVE-2020-2755)"
557,"Java CPU January 2020 Java SE, Java SE Embedded vulnerability (CVE-2020-2601)"
558,"Java CPU April 2019 Java SE, Java SE Embedded vulnerability (CVE-2019-2684)"
559,"Java CPU April 2021 Java SE, Java SE Embedded, Oracle GraalVM Enterprise Edition vulnerability (CVE-2021-2161)"
560,Java CPU July 2018 Java SE vulnerability (CVE-2018-2938)
561,"Java CPU April 2018 Java SE, Java SE Embedded, JRockit vulnerability (CVE-2018-2799)"
562,"Java CPU April 2021 Java SE, Java SE Embedded, Oracle GraalVM Enterprise Edition vulnerability (CVE-2021-2163)"
563,"Java CPU April 2021 Java SE, Java SE Embedded, Oracle GraalVM Enterprise Edition vulnerability (CVE-2021-2161)"
564,McAfee Agent: CVE-2020-7343: Mcafee agent update fixes one vulnerability  (SB10343)
565,"Java CPU October 2017 Java SE, Java SE Embedded, JRockit vulnerability (CVE-2017-10355)"
566,"Java CPU October 2017 Java SE, Java SE Embedded vulnerability (CVE-2017-10350)"
567,"Java CPU April 2018 Java SE, JRockit vulnerability (CVE-2018-2794)"
568,"Java CPU January 2018 Java SE, Java SE Embedded, JRockit vulnerability (CVE-2018-2663)"
569,"Java CPU April 2018 Java SE, Java SE Embedded vulnerability (CVE-2018-2790)"
570,"Java CPU October 2019 Java SE, Java SE Embedded vulnerability (CVE-2019-2958)"
571,"Java CPU April 2018 Java SE, Java SE Embedded, JRockit vulnerability (CVE-2018-2798)"
572,"Java CPU April 2018 Java SE, Java SE Embedded, JRockit vulnerability (CVE-2018-2799)"
573,"Java CPU October 2019 Java SE, Java SE Embedded vulnerability (CVE-2019-2894)"
574,"Java CPU October 2017 Java SE, Java SE Embedded, JRockit vulnerability (CVE-2017-10345)"
575,"Java CPU October 2017 Java SE, JRockit vulnerability (CVE-2017-10347)"
576,"Java CPU October 2017 Java SE, Java SE Embedded vulnerability (CVE-2017-10348)"
577,"Java CPU January 2018 Java SE, Java SE Embedded vulnerability (CVE-2018-2677)"
578,"Java CPU January 2018 Java SE, Java SE Embedded, JRockit vulnerability (CVE-2018-2678)"
579,"Java CPU July 2019 Java SE, Java SE Embedded vulnerability (CVE-2019-2816)"
580,"Java CPU October 2019 Java SE, Java SE Embedded vulnerability (CVE-2019-2949)"
581,"Java CPU July 2019 Java SE, Java SE Embedded vulnerability (CVE-2019-2769)"
582,"Java CPU October 2018 Java SE, Java SE Embedded vulnerability (CVE-2018-13785)"
583,CIFS Share Readable By Everyone
584,Java CPU July 2019 Java SE vulnerability (CVE-2019-2842)
585,"Java CPU October 2019 Java SE, Java SE Embedded vulnerability (CVE-2019-2975)"
586,"Java CPU October 2017 Java SE, Java SE Embedded, JRockit vulnerability (CVE-2017-10295)"
587,"Java CPU October 2019 Java SE, Java SE Embedded vulnerability (CVE-2019-2978)"
588,"Java CPU January 2018 Java SE, Java SE Embedded, JRockit vulnerability (CVE-2018-2603)"
589,"Java CPU July 2019 Java SE, Java SE Embedded vulnerability (CVE-2019-2786)"
590,"Java CPU October 2018 Java SE, Java SE Embedded, JRockit vulnerability (CVE-2018-3149)"
591,"Java CPU October 2019 Java SE, Java SE Embedded vulnerability (CVE-2019-2964)"
592,"Java CPU October 2019 Java SE, Java SE Embedded vulnerability (CVE-2019-2962)"
593,"Java CPU January 2018 Java SE, Java SE Embedded, JRockit vulnerability (CVE-2018-2618)"
594,Java CPU January 2019 Java SE vulnerability (CVE-2019-2426)
595,"Java CPU April 2019 Java SE, Java SE Embedded vulnerability (CVE-2019-2684)"
596,"Java CPU January 2018 Java SE, Java SE Embedded, JRockit vulnerability (CVE-2018-2579)"
597,Java CPU October 2019 Java SE vulnerability (CVE-2019-2999)
598,Java CPU January 2018 Java SE vulnerability (CVE-2018-2627)
599,Java CPU January 2018 Java SE vulnerability (CVE-2018-2581)
600,"Java CPU January 2018 Java SE, Java SE Embedded vulnerability (CVE-2018-2582)"
601,"Java CPU October 2017 Java SE, Java SE Embedded vulnerability (CVE-2017-10388)"
602,"Java CPU October 2018 Java SE, Java SE Embedded vulnerability (CVE-2018-3169)"
603,Java CPU July 2018 Java SE vulnerability (CVE-2018-2938)
604,"Java CPU October 2019 Java SE, Java SE Embedded vulnerability (CVE-2019-2981)"
605,"Java CPU January 2018 Java SE, Java SE Embedded, JRockit vulnerability (CVE-2018-2588)"
606,"Java CPU October 2018 Java SE, Java SE Embedded, JRockit vulnerability (CVE-2018-3214)"
607,"Java CPU July 2019 Java SE, Java SE Embedded vulnerability (CVE-2019-7317)"
608,"Java CPU October 2019 Java SE, Java SE Embedded vulnerability (CVE-2019-2988)"
609,Java CPU April 2018 Java SE vulnerability (CVE-2018-2811)
610,Java CPU July 2018 Java SE vulnerability (CVE-2018-2942)
611,"Java CPU October 2019 Java SE, Java SE Embedded vulnerability (CVE-2019-2989)"
612,"Java CPU April 2018 Java SE, Java SE Embedded vulnerability (CVE-2018-2814)"
613,Java CPU October 2019 Java SE vulnerability (CVE-2019-11068)
614,"Java CPU April 2018 Java SE, Java SE Embedded, JRockit vulnerability (CVE-2018-2815)"
615,"Java CPU January 2018 Java SE, Java SE Embedded vulnerability (CVE-2018-2641)"
616,"Java CPU October 2017 Java SE, Java SE Embedded, JRockit vulnerability (CVE-2016-10165)"
617,Java CPU July 2018 Java SE vulnerability (CVE-2018-2964)
618,"Java CPU January 2020 Java SE, Java SE Embedded vulnerability (CVE-2020-2593)"
619,Java CPU April 2020 Java SE vulnerability (CVE-2019-18197)
620,"Java CPU January 2020 Java SE, Java SE Embedded vulnerability (CVE-2020-2590)"
621,"Java CPU April 2020 Java SE, Java SE Embedded vulnerability (CVE-2020-2805)"
622,"Java CPU April 2020 Java SE, Java SE Embedded vulnerability (CVE-2020-2755)"
623,"Java CPU April 2020 Java SE, Java SE Embedded vulnerability (CVE-2020-2754)"
624,"Java CPU January 2020 Java SE, Java SE Embedded vulnerability (CVE-2020-2604)"
625,"Java CPU January 2020 Java SE, Java SE Embedded vulnerability (CVE-2020-2601)"
626,"Java CPU January 2020 Java SE, Java SE Embedded vulnerability (CVE-2020-2659)"
627,"Java CPU April 2020 Java SE, Java SE Embedded vulnerability (CVE-2020-2781)"
628,Java CPU January 2020 Java SE vulnerability (CVE-2020-2654)
629,"Java CPU July 2020 Java SE, Java SE Embedded vulnerability (CVE-2020-14581)"
630,"Java CPU July 2020 Java SE, Java SE Embedded vulnerability (CVE-2020-14578)"
631,"Java CPU July 2020 Java SE, Java SE Embedded vulnerability (CVE-2020-14621)"
632,"Java CPU October 2020 Java SE, Java SE Embedded vulnerability (CVE-2020-14798)"
633,"Java CPU October 2020 Java SE, Java SE Embedded vulnerability (CVE-2020-14782)"
634,"Java CPU October 2020 Java SE, Java SE Embedded vulnerability (CVE-2020-14792)"
635,"Java CPU October 2020 Java SE, Java SE Embedded vulnerability (CVE-2020-14779)"
636,McAfee Agent: CVE-2020-7343: Mcafee agent update fixes one vulnerability  (SB10343)
637,CIFS Account Password Never Expires